,story_id,text_final
0,025a395de816f89292aaf,"['complete', 'guide', 'youtube', 'marketing', 'hatch', 'plan', 'begin', 'market', 'youtube', 'year', 'need', 'savvy', 'youtube', 'million', 'content', 'creator', 'churn', 'video', 'regularly', 'content', 'stand']"
1,025a395de816f89292aaf,"['ecommerce', 'trend', 'insight', 'plan', 'digital', 'marketing', 'strategy', 'digital', 'ad', 'cost', 'increase', 'influencers', 'charge', 'reach', 'few', 'ecommerce', 'competition', 'rise']"
2,025a395de816f89292aaf,"['must', 'effective', 'social', 'medium', 'marketing', 'use', 'automation', 'smart', 'automation', 'spammy', 'ineffective', 'automation', 'come', 'social', 'medium', 'spread', 'thin', 'nearly', 'impossible', 'almost', 'always', 'ineffective', 'active', 'every', 'single', 'social', 'medium', 'platform']"
3,025a395de816f89292aaf,"['digital', 'marketing', 'trend', 'innovation', 'accord', 'cisco', 'internet', 'traffic', 'video', 'wait', 'till', 'start', 'take', 'advantage', 'trend', 'facebook', 'earnings', 'call', 'ceo', 'mark', 'zuckerberg', 'say', 'ci', 'see', 'video', 'megatrend', 'go', 'keep', 'put', 'video', 'first', 'across', 'family', 'apps']"
4,025a395de816f89292aaf,"['digital', 'marketing', 'trend', 'research', 'show', 'internet', 'catch', 'television', 'term', 'hour', 'watch', 'accord', 'study', 'people', 'spend', 'hour', 'day', 'online', 'hour', 'day', 'watch', 'tube', 'internet', 'catch', 'television', 'live', 'video', 'keep', 'grow', 'video', 'video', 'ad', 'keep', 'grow']"
5,025a395de816f89292aaf,"['prepare', 'next', 'wave', 'social', 'medium', 'market', 'democratization', 'live', 'broadcasting', 'gartner', 'expect', 'trend', 'continue', 'drive', 'innovation', 'keep', 'user', 'engage', 'create', 'new', 'advertising', 'product', 'social', 'network', 'join', 'streaming', 'content', 'network', 'begin', 'compete', 'broadcast', 'cable', 'stream', 'network', 'goto', 'destination']"
6,025a395de816f89292aaf,"['social', 'video', 'trend', 'consumer', 'marketer', 'insight', 'key', 'finding', 'include', 'marketer', 'place', 'ad', 'spend', 'video', 'social', 'business', 'land', 'new', 'customer', 'due', 'social', 'medium', 'video', 'youtube', 'number', 'one', 'purchasedriving', 'platform', 'social', 'medium']"
7,025a395de816f89292aaf,"['video', 'marketing', 'statistic', 'video', 'stay', 'even', 'mark', 'zuckerberg', 'believe', 'video', 'critical', 'part', 'future', 'sheer', 'volume', 'video', 'content', 'online', 'grow', 'exponentially', 'stats', 'business', 'use', 'video', 'marketing', 'tool', 'last', 'year', 'hubspot', 'people', 'would', 'rather', 'watch', 'online', 'video', 'television', 'google', 'online', 'video', 'make', 'consumer', 'internet', 'traffic', 'cisco']"
8,025a395de816f89292aaf,"['seven', 'technology', 'marketing', 'prediction', 'age', 'badly', 'see', 'transformation', 'facebook', 'hot', 'new', 'social', 'network', 'almost', 'unstoppable', 'juggernaut', 'many', 'decade', 'define', 'advertising', 'marketing', 'trend', 'clickbait', 'video', 'revolution', 'livestreaming', 'privacy', 'fear', 'play', 'shape', 'rise', 'continue', 'commentator', 'repeatedly', 'predict', 'hop', 'whatever', 'hot', 'new', 'social', 'network', 'currently', 'trend', 'death', 'facebook']"
9,025a395de816f89292aaf,"['content', 'marketing', 'trend', 'need', 'know', 'video', 'livestreaming', 'become', 'huge', 'recently', 'thanks', 'popular', 'platform', 'like', 'youtube', 'tiktok', 'twitch', 'go', 'get', 'big', 'fact', 'accord', 'hubspot', 'percent', 'consumer', 'want', 'see', 'video', 'content', 'brand', 'business', 'support', 'want', 'content', 'marketing', 'connect', 'engage', 'audience', 'need', 'start', 'incorporate', 'video']"
10,025a395de816f892e0bda,"['mark', 'zuckerberg', 'say', 'facebook', 'shift', 'emphasize', 'encrypted', 'ephemeral', 'message', 'facebook', 'increasingly', 'shift', 'focus', 'away', 'public', 'post', 'encrypted', 'ephemeral', 'communication', 'trio', 'message', 'apps', 'ceo', 'mark', 'zuckerberg', 'say', 'today', 'significant', 'new', 'blog', 'post', 'missive', 'zuckerberg', 'say', 'encryption', 'one', 'key', 'facebook', 'future', 'company', 'willing', 'ban', 'country', 'refuse', 'let', 'operate', 'result']"
11,025a395de816f892e0bda,"['social', 'medium', 'probably', 'watch', 'right', 'say', 'new', 'surveillance', 'report', 'forbes', 'report', 'claim', 'world', 'internet', 'user', 'actively', 'monitoredaround', 'billion', 'people', 'youd', 'expect', 'come', 'mass', 'population', 'monitoring', 'use', 'technology', 'advance', 'population', 'control', 'china', 'lead', 'way', 'country', 'cover', 'report', 'another', 'addition', 'china', 'institute', 'advanced', 'social', 'medium', 'surveillance', 'program']"
12,025a395de816f892e0bda,"['social', 'medium', 'trend', 'beyond', 'privacy', 'security', 'privacy', 'always', 'main', 'concern', 'social', 'medium', 'internet', 'whole', 'platform', 'like', 'information', 'expose', 'platform', 'live', 'content', 'video', 'dominate', 'become', 'primary', 'type', 'content', 'live', 'content', 'engage', 'personal', 'fun', 'get', 'chance', 'communicate', 'directly', 'one', 'follow', 'primary', 'source', 'news', 'information', 'accord', 'forbes', 'percent', 'internet', 'user', 'survey', 'say', 'hear', 'late', 'news', 'via', 'social', 'medium', 'ever', 'hear', 'news', 'station']"
13,025a395de816f892e0bda,"['brazil', 'fine', 'facebook', 'improperly', 'share', 'user', 'data', 'department', 'consumer', 'protection', 'say', 'find', 'data', 'facebook', 'user', 'improperly', 'make', 'available', 'developer', 'application', 'data', 'share', 'questionable', 'purpose', 'ministry', 'say']"
14,025a395de816f892e0bda,"['new', 'social', 'medium', 'apps', 'guarantee', 'data', 'remain', 'secure', 'price', 'social', 'medium', 'giant', 'facebook', 'battle', 'disinformation', 'data', 'security', 'issue', 'user', 'opt', 'small', 'lowkey', 'platform', 'prioritize', 'privacy', 'forward', 'messaging']"
15,025a395de816f8933f0c2,"['live', 'streaming', 'one', 'fast', 'rise', 'star', 'facebook', 'may', 'peak', 'instagram', 'hit', 'kid', 'chatbot', 'use', 'increase', 'video', 'must', 'live', 'video', 'separate', 'yet', 'important', 'thing', 'video', 'valuable', 'tool', 'one', 'fast', 'rise', 'star', 'digital', 'marketing', 'use', 'live', 'video']"
16,025a395de816f8933f0c2,"['social', 'medium', 'trend', 'matter', 'marketer', 'video', 'live', 'uploaded', 'nothing', 'new', 'marketer', 'brand', 'business', 'must', 'video', 'strategy', 'live', 'video', 'vertical', 'video', 'interactive', 'vide', 'smartphone', 'quality', 'video']"
17,025a395de816f8933f0c2,"['stream', 'trend', 'ott', 'adoption', 'grow', 'viewer', 'ditch', 'cable', 'mobile', 'define', 'future', 'stream', 'social', 'medium', 'continue', 'dominate', 'live', 'stream', 'stream', 'longer', 'marketing', 'ecommerce', 'increase', 'live', 'streaming', 'internal', 'business', 'collaboration', 'grow', 'importance', 'stream', 'music', 'industry', 'iot', 'video', 'surveillance']"
18,025a395de816f8933f0c2,"['social', 'medium', 'databacked', 'prediction', 'next', 'year', 'much', 'big', 'driver', 'business', 'determinant', 'go', 'video', 'messengerd', 'say', 'mark', 'zuckerberg', 'easy', 'see', 'growth', 'potential', 'globalwebindex', 'late', 'data', 'social', 'video', 'adoption', 'audience', 'demand', 'continue', 'grow']"
19,025a395de816f8933f0c2,"['business', 'live', 'video', 'stream', 'service', 'pro', 'con', 'live', 'video', 'streaming', 'service', 'revolutionize', 'business', 'communicate', 'customer', 'business', 'partner', 'general', 'public', 'instead', 'spend', 'money', 'traditional', 'marketing', 'campaign', 'like', 'billboard', 'advertisement', 'radio', 'tv', 'commercial', 'company', 'see', 'potential', 'use', 'live', 'streaming', 'service', 'engage', 'maintain', 'open', 'relationship', 'audience']"
20,025a395de816f8933f0c2,"['microsoft', 'help', 'linkedin', 'launch', 'first', 'live', 'video', 'stream', 'service', 'microsoft', 'get', 'involve', 'live', 'video', 'stream', 'ownership', 'linkedin', 'social', 'network', 'launch', 'new', 'linkedin', 'live', 'service', 'million', 'user', 'allow', 'people', 'live', 'stream', 'video', 'content']"
21,025a395de816f8933f0c2,"['prepare', 'next', 'wave', 'social', 'medium', 'market', 'democratization', 'live', 'broadcasting', 'gartner', 'expect', 'trend', 'continue', 'drive', 'innovation', 'keep', 'user', 'engage', 'create', 'new', 'advertising', 'product', 'social', 'network', 'join', 'streaming', 'content', 'network', 'begin', 'compete', 'broadcast', 'cable', 'stream', 'network', 'goto', 'destination']"
22,025a395de816f8933f0c2,"['video', 'trend', 'dominate', 'beyond', 'every', 'social', 'network', 'launch', 'live', 'video', 'feature', 'live', 'video', 'take', 'brand', 'use', 'live', 'video', 'broadcast', 'event', 'give', 'product', 'brand', 'large', 'fan', 'base', 'social', 'medium', 'also', 'use', 'answer', 'user', 'question', 'mean', 'see', 'live', 'question', 'answer', 'session', 'live', 'ask', 'anything', 'session', 'interview', 'industry', 'leader', 'provide', 'user', 'solution', 'problem']"
23,025a395de816f8933f0c2,"['social', 'video', 'trend', 'consumer', 'marketer', 'insight', 'key', 'finding', 'include', 'marketer', 'place', 'ad', 'spend', 'video', 'social', 'medium', 'business', 'land', 'new', 'customer', 'due', 'social', 'medium', 'video', 'youtube', 'number', 'one', 'purchasedriving', 'platform', 'social', 'medium']"
24,025a395de816f8933f0c2,"['streaming', 'trend', 'top', 'prediction', 'think', 'video', 'streaming', 'surpass', 'medium', 'term', 'number', 'user', 'stream', 'trend', 'indicate', 'technology', 'reach', 'new', 'height', 'convergence', 'new', 'technology', 'internet', 'penetration', 'increase', 'number', 'mobile', 'user', 'driving', 'force', 'behind', 'development', 'current', 'stream', 'statistic', 'reflect', 'development']"
25,025a395de816f8933f0c2,"['platform', 'market', 'witness', 'astonish', 'growth', 'new', 'market', 'research', 'stats', 'report', 'global', 'live', 'streaming', 'video', 'platform', 'market', 'expect', 'show', 'tremendous', 'growth', 'come', 'year', 'analyst', 'also', 'analyze', 'ongoing', 'trend', 'live', 'streaming', 'video', 'platform', 'opportunity', 'growth', 'industry']"
26,025a395de816f8933f0c2,"['livestreaming', 'new', 'frontier', 'revenue', 'growth', 'single', 'day', 'marketing', 'interactive', 'particularly', 'potent', 'emerge', 'brand', 'new', 'seller', 'ability', 'generate', 'buzz', 'connect', 'consumer', 'get', 'instant', 'response', 'reply', 'livestream']"
27,025a395de816f8933f0c2,"['live', 'streaming', 'change', 'music', 'industry', 'artist', 'fan', 'alike', 'web', 'writer', 'spotlight', 'live', 'streaming', 'thus', 'emerge', 'handy', 'lucrative', 'tool', 'music', 'artist', 'give', 'creator', 'opportunity', 'produce', 'record', 'perform', 'music', 'live', 'anytime', 'interact', 'listener', 'expand', 'userbase', 'finally', 'monetize', 'content', 'well', 'even', 'establish', 'artist', 'huge', 'follow', 'live', 'stream', 'let', 'offer', 'front', 'row', 'access', 'every', 'online', 'fan', 'regardless', 'physical', 'location']"
28,025a395de816f8933f0c2,"['social', 'medium', 'trend', 'watch', 'video', 'continue', 'soar', 'use', 'popularity', 'video', 'content', 'via', 'social', 'medium', 'continue', 'soar', 'business', 'brand', 'influencers', 'maximise', 'use', 'video', 'via', 'platform', 'like', 'instagram', 'story', 'instagram', 'live', 'second', 'video', 'igtv', 'increase', 'stakeholder', 'engagement', 'drive', 'result', 'web', 'web', 'traffic', 'via', 'social', 'medium', 'drive', 'video', 'content', 'predict', 'number', 'continue', 'soar', 'beyond', 'instagram', 'key', 'social', 'medium', 'channel']"
29,025a395de816f8933f0c2,"['streaming', 'trend', 'top', 'prediction', 'think', 'online', 'stream', 'trend', 'indicate', 'video', 'stream', 'still', 'lead', 'pack', 'make', 'internet', 'traffic', 'year', 'video', 'accessibility', 'also', 'play', 'part', 'increased', 'popularity', 'stream', 'go', 'improvement', 'video', 'quality', 'make', 'stream', 'popular', 'among', 'business', 'organization', 'well']"
30,025a395de816f8933f0c2,"['size', 'color', 'smell', 'livestreaming', 'ring', 'big', 'sale', 'china', 'ecommerce', 'growth', 'slow', 'stutter', 'economy', 'world', 'secondbiggest', 'livestreaming', 'model', 'give', 'retailer', 'shot', 'arm', 'alibaba', 'group', 'say', 'tmall', 'merchant', 'use', 'livestreaming', 'sell', 'nearly', 'billion', 'yuan', 'product', 'single', 'day', 'last', 'thing', 'difficult', 'achieve', 'photo', 'short', 'video', 'example', 'short', 'video', 'issue', 'deal', 'coupon', 'communicate', 'fan', 'real', 'time', 'livestreaming', 'pull', 'closer', 'distance', 'user', 'seller', 'build', 'trust']"
31,025a395de816f8933f0c2,"['guide', 'live', 'stream', 'video', 'mobile', 'live', 'video', 'stream', 'sourcemobile', 'main', 'target', 'trend', 'social', 'medium', 'site', 'like', 'youtube', 'twitter', 'facebook', 'etc', 'live', 'stream', 'video', 'live', 'streaming', 'late', 'trend', 'business', 'brand', 'embrace', 'live', 'streaming', 'use', 'advantage', 'business', 'live', 'stream', 'idea', 'help', 'boost', 'marketing', 'campaign', 'engage', 'customer', 'many', 'way', 'live', 'stream', 'idea', 'use', 'marketing', 'campaign']"
32,025a4a4fd516f7ebea4c6,"['unified', 'communication', 'create', 'growth', 'opportunity', 'smes', 'smes', 'require', 'robust', 'communication', 'platform', 'enable', 'seamlessly', 'collaborate', 'simplify', 'term', 'uc', 'refers', 'integration', 'internal', 'external', 'workplace', 'communication', 'tool', 'achieve', 'reduce', 'number', 'use', 'communicate', 'business', 'day', 'solution', 'could', 'range', 'simple', 'video', 'conferencing', 'tool', 'complex', 'aibased', 'chatbots', 'message', 'platform', 'many', 'uc', 'system', 'provide', 'single', 'interface', 'use', 'across', 'multiple', 'device', 'send', 'receive', 'information', 'thereby', 'facilitate', 'good', 'communication', 'mitigate', 'operational', 'cost']"
33,025a4a4fd516f7ebea4c6,"['whatsapp', 'game', 'changer', 'indias', 'small', 'business', 'smart', 'wallet', 'maker', 'trash', 'picker', 'establish', 'business', 'startup', 'alike', 'use', 'whatsapp', 'effective', 'mode', 'communication', 'reach', 'consumer']"
34,025a4a4fd516f7ebea4c6,"['indian', 'smes', 'important', 'big', 'tech', 'company', 'need', 'hour', 'industry', 'stakeholder', 'government', 'policy', 'maker', 'enterprise', 'work', 'together', 'enable', 'digital', 'empowerment', 'smes', 'leave', 'tech', 'company', 'realise', 'opportunity', 'actively', 'help', 'indian', 'smes', 'adopt', 'new', 'technology', 'like', 'cloud', 'ai', 'process', 'automation', 'iot', 'data', 'analytics', 'make', 'enterprise', 'process', 'like', 'account', 'inventory', 'management', 'sale', 'market', 'hr', 'customer', 'service', 'etc', 'efficient', 'par', 'large', 'global', 'counterpart']"
35,025a4a4fd516f7ebea4c6,"['chinese', 'province', 'launch', 'blockchainbased', 'sme', 'financing', 'project', 'government', 'lead', 'project', 'aim', 'streamline', 'process', 'commercial', 'bank', 'lend', 'fund', 'small', 'business', 'detailed', 'reliable', 'profile', 'include', 'credit', 'rating', 'provide', 'blockchain', 'network']"
36,025a4a4fd516f7ebea4c6,"['voip', 'middle', 'east', 'development', 'emerge', 'trend', 'several', 'country', 'across', 'middle', 'east', 'north', 'africa', 'region', 'continue', 'unfavourable', 'stance', 'towards', 'service', 'like', 'skype', 'whatsapp', 'voice', 'call', 'apple', 'internet', 'protocol', 'around', 'since', 'first', 'internet', 'phone', 'software', 'launch', 'industry', 'expert', 'predict', 'market', 'valuation', 'billion', 'enterprise', 'voip', 'adopt', 'across', 'board', 'burger', 'king', 'white', 'house', 'development', 'complementary', 'technology', 'artificial', 'intelligence', 'unified', 'communication', 'uc', 'machine', 'learning', 'set', 'trigger', 'new', 'growth', 'voip', 'sector', 'north', 'africa', 'part', 'middle', 'east']"
37,025a4a4fd516f7ebea4c6,"['opportunity', 'indias', 'emerge', 'social', 'commerce', 'sector', 'small', 'medium', 'business', 'speak', 'recent', 'survey', 'sell', 'directly', 'whatsapp', 'india', 'number', 'sell', 'flipkart', 'amazon', 'surprising', 'give', 'whatsapp', 'user', 'five', 'time', 'daily', 'active', 'user', 'base', 'commerce', 'platform', 'india', 'tectonic', 'shift', 'web', 'social', 'platform', 'redefine', 'indias', 'ecommerce', 'commerce', 'china', 'grow', 'rapidly', 'last', 'year', 'account', 'online', 'retail', 'sale', 'china', 'grow', 'rate', 'overall', 'online', 'retail', 'sector']"
38,025a4a4fd516f7ec86eac,"['unveil', 'new', 'vision', 'collaboration', 'artificial', 'intelligence', 'transform', 'future', 'work', 'cognitive', 'collaboration', 'technology', 'weave', 'context', 'intelligence', 'across', 'application', 'device', 'workflows', 'connect', 'people', 'customer', 'colleague', 'deliver', 'unprecedented', 'experience', 'transform', 'way', 'longer', 'concept', 'future', 'transform', 'way', 'work', 'key', 'component', 'uc', 'c', 'strategy', 'modern', 'enterprise', 'communication', 'cloud', 'good', 'way', 'way', 'uc', 'expo', 'publish', 'may']"
39,025a4a4fd516f7ec86eac,"['collaboration', 'market', 'valuation', 'crazy', 'pay', 'collaboration', 'world', 'day', 'trading', 'zoom', 'already', 'surpass', 'fellow', 'unicorn', 'clyftd', 'become', 'valuable', 'tech', 'company', 'go', 'public', 'far', 'zoom', 'help', 'kick', 'many', 'industry', 'analyst', 'believe', 'massive', 'year', 'highprofile', 'tech', 'ipo', 'collaborative', 'company']"
40,025a4a4fd516f7ec86eac,"['unified', 'communication', 'importance', 'enterprise', 'communication', 'backbone', 'successful', 'business', 'business', 'technology', 'gospel', 'something', 'need', 'proof', 'today', 'business', 'limit', 'single', 'place', 'also', 'multinational', 'least', 'multicities', 'head', 'office', 'might', 'house', 'administration', 'marketing', 'account', 'human', 'resource', 'department', 'production', 'unit', 'thousand', 'mile', 'away', 'headquarters', 'dispatch', 'unit', 'along', 'production', 'must', 'sync', 'account']"
41,025a4a4fd516f7ec86eac,"['grow', 'impact', 'artificial', 'intelligence', 'workplace', 'collaboration', 'incorporation', 'ai', 'brings', 'u', 'new', 'era', 'intelligent', 'conversational', 'environment', 'paradigm', 'shift', 'digital', 'workplace', 'technology', 'strategy', 'make', 'enterprise', 'conversational', 'smarter', 'conversational', 'environment', 'require', 'data', 'content', 'people', 'application', 'overall', 'technology', 'intimate', 'contextual', 'flow', 'persistent']"
42,025a4a4fd516f7ec86eac,"['cloud', 'unify', 'communication', 'adoption', 'still', 'face', 'barrier', 'upgrade', 'cost', 'security', 'concern', 'main', 'barrier', 'cloud', 'unified', 'communication', 'vendor', 'address', 'concern', 'new', 'barrier', 'adoption', 'emerge', 'cloud', 'cloud', 'cost', 'loss', 'ownership', 'company', 'politics', 'feature', 'integration', 'force', 'changein', 'remove', 'barrier', 'cloud', 'uc', 'take', 'wider', 'perspective', 'show', 'company', 'user', 'longterm', 'benefit', 'outweigh', 'shortterm', 'migration', 'learn', 'curve', 'issue']"
43,025a4a4fd516f7ec86eac,"['ai', 'power', 'uc', 'let', 'machine', 'talk', 'year', 'ago', 'concept', 'artificial', 'intelligence', 'power', 'day', 'day', 'communication', 'hoverboards', 'travel', 'mar', 'today', 'ai', 'one', 'exciting', 'technology', 'hit', 'business', 'communication', 'space', 'customer', 'engagement', 'significant', 'use', 'case', 'ai', 'accord', 'research', 'command', 'control', 'analytics', 'identify', 'people', 'reduce', 'complex', 'workflow', 'translation', 'recommend', 'action']"
44,025a4a4fd516f7ec86eac,"['unified', 'solution', 'multichannel', 'communication', 'procurement', 'new', 'technology', 'email', 'smart', 'apps', 'instant', 'messaging', 'transform', 'communication', 'landscape', 'together', 'artificial', 'intelligence', 'enable', 'company', 'implement', 'customercentric', 'multichannelled', 'communication', 'procurement', 'professional', 'challenge', 'lie', 'adopt', 'new', 'communication', 'technology', 'adapt', 'procurement', 'process', 'keep', 'pace', 'development']"
45,025a4a4fd516f7ec86eac,"['cognitive', 'collaboration', 'ucc', 'card', 'contextual', 'targeting', 'information', 'new', 'kid', 'block', 'grow', 'fact', 'collaboration', 'focus', 'something', 'usually', 'document', 'critical', 'support', 'focus', 'rather', 'collaborative', 'group', 'plus', 'context', 'equal', 'cognitive', 'collaboration', 'tout', 'idea', 'ccollaborative', 'cognition', 'also', 'communication', 'cognition', 'apply', 'ai', 'filter', 'analyze', 'communication', 'form', 'emails', 'etc']"
46,025a4a4fd516f7ec86eac,"['collaborative', 'workplace', 'culture', 'lead', 'spike', 'video', 'communication', 'survey', 'find', 'business', 'professional', 'use', 'video', 'conferencing', 'frequently', 'two', 'year', 'agoemerging', 'technology', 'augment', 'reality', 'ar', 'artificial', 'intelligence', 'poise', 'reshape', 'future', 'workplace', 'productivity', 'nature', 'collaborate', 'comparatively', 'however', 'video', 'communication', 'may', 'play', 'even', 'important', 'role', 'keep', 'dispersed', 'team', 'connect', 'foster', 'great', 'sense', 'collaboration']"
47,025a4a4fd516f7ec86eac,"['unified', 'collaboration', 'work', 'everyone', 'different', 'generation', 'use', 'different', 'tool', 'employee', 'age', 'use', 'video', 'conferencing', 'tool', 'work', 'employee', 'age', 'employee', 'age', 'use', 'chat', 'tool', 'work', 'employee', 'generation', 'agree', 'keep', 'thing', 'simple', 'employee', 'employee', 'report', 'feel', 'like', 'waste', 'lot', 'time', 'switch', 'collaboration', 'tool']"
48,025a4a4fd516f7ec86eac,"['cognitive', 'technology', 'take', 'hold', 'prepare', 'workforce', 'change', 'key', 'critical', 'digital', 'technology', 'explore', 'today', 'common', 'thread', 'focus', 'augment', 'human', 'experience', 'digital', 'capability', 'use', 'ai', 'organization', 'augment', 'workforce', 'machine', 'make', 'productive', 'help', 'employee', 'position', 'future']"
49,025a4a4fd516f7ec86eac,"['cloud', 'communication', 'market', 'triple', 'next', 'five', 'year', 'marketplace', 'cloud', 'communication', 'grow', 'rapidly', 'last', 'year', 'quite', 'time', 'cavell', 'group', 'one', 'lead', 'analyst', 'group', 'industry', 'recently', 'conduct', 'new', 'piece', 'research', 'cloud', 'space', 'particularly', 'european', 'landscape', 'believe', 'cloud', 'ready', 'move', 'fast', 'pace', 'ever', 'new', 'opportunity', 'business', 'size']"
50,025a4a4fd516f7ec86eac,"['future', 'unified', 'communication', 'video', 'conferencing', 'live', 'stream', 'ondemand', 'video', 'live', 'videoenabled', 'customer', 'service', 'forefront', 'single', 'solution', 'initiative', 'effective', 'form', 'communication', 'currently', 'available', 'many', 'user', 'come', 'define', 'unified', 'communication', 'demand', 'adaptability', 'versatility', 'visual', 'communication']"
51,025a4a4fd516f7ec86eac,"['new', 'ccd', 'uc', 'unified', 'communication', 'cucd', 'first', 'emerge', 'market', 'way', 'connect', 'people', 'various', 'unique', 'form', 'instant', 'messaging', 'voice', 'ip', 'video', 'conferencing', 'people', 'want', 'channel', 'conversation', 'uc', 'could', 'deliver', 'however', 'age', 'communication', 'continue', 'evolve', 'begin', 'discover', 'range', 'connectivity', 'option', 'matter', 'quality', 'connection']"
52,025a4a4fd516f7ec86eac,"['uc', 'trend', 'cpaas', 'roundtable', 'cpaas', 'organisation', 'access', 'everything', 'need', 'effective', 'digital', 'transformation', 'include', 'presence', 'tool', 'workflow', 'management', 'instant', 'messaging', 'simple', 'solution', 'like', 'sdks', 'apis', 'ca', 'afford', 'compromise', 'onesizefitsall', 'communication', 'stack', 'thing', 'effective', 'cpaas', 'fact', 'around', 'company', 'say', 'use', 'apis', 'critical', 'growth', 'go', 'forward']"
53,025a4a4fd516f7ec86eac,"['evolution', 'artificial', 'intelligence', 'unified', 'communication', 'ai', 'powered', 'collaboration', 'tool', 'also', 'use', 'find', 'relevant', 'document', 'base', 'past', 'information', 'ready', 'meeting', 'save', 'employee', 'time', 'make', 'collaboration', 'assistant', 'help', 'schedule', 'meeting', 'make', 'call', 'send', 'sms', 'message', 'even', 'translate', 'voicemail', 'text', 'aipowered', 'collaboration', 'tool', 'also', 'use', 'find', 'relevant', 'document', 'base', 'past', 'information', 'ready', 'meeting', 'save', 'employee', 'time', 'make', 'collaboration', 'easy']"
54,025a4a4fd516f7ec86eac,"['google', 'consider', 'acquire', 'slack', 'team', 'messaging', 'highly', 'value', 'tool', 'organization', 'slack', 'reign', 'champion', 'market', 'space', 'time', 'vendor', 'begin', 'integrate', 'team', 'messaging', 'collaboration', 'tool', 'meeting', 'telephony', 'messaging', 'integrate', 'single', 'cohesive', 'platform', 'slack', 'address', 'message', 'part', 'equation', 'google', 'offer', 'meeting', 'telephony', 'g', 'suite', 'gmail']"
55,025a4a4fd516f7ec86eac,"['uc', 'trend', 'gm', 'microsoft', 'team', 'collaboration', 'market', 'exclusive', 'interview', 'part', 'silicon', 'valley', 'tour', 'uc', 'trend', 'series', 'lan', 'ye', 'general', 'manager', 'microsoft', 'team']"
56,025a4a4fd516f7ec86eac,"['uc', 'trend', 'uc', 'market', 'insight', 'ringcentral', 'coo', 'exclusive', 'interview', 'part', 'silicon', 'valley', 'tour', 'uc', 'trend', 'series', 'ringcentral', 'coo', 'david', 'sipes']"
57,025a4a4fd516f7ec86eac,"['uc', 'trend', 'head', 'workplace', 'facebook', 'collaboration', 'market', 'exclusive', 'interview', 'part', 'silicon', 'valley', 'tour', 'uc', 'trend', 'series', 'karandeep', 'anand', 'head', 'workplace', 'facebook']"
58,025a4a4fd516f7ec86eac,"['uc', 'trend', 'twilio', 'ceo', 'cpaas', 'market', 'exclusive', 'video', 'interview', 'silicon', 'valley', 'tour', 'uc', 'trend', 'series', 'twilio', 'ceo', 'jeff', 'lawson']"
59,025a4a4fd516f7ec86eac,"['uc', 'trend', 'uc', 'market', 'insight', 'ceo', 'exclusive', 'interview', 'part', 'silicon', 'valley', 'tour', 'uc', 'trend', 'series', 'ceo', 'vikram', 'verma']"
60,025a4a4fd516f7ec86eac,"['multimedia', 'crisis', 'communication', 'longer', 'enough', 'business', 'issue', 'press', 'release', 'statement', 'whenever', 'anticipate', 'change', 'disruption', 'potential', 'recent', 'additional', 'number', 'prefix', 'metro', 'manila', 'phone', 'number', 'example', 'necessitate', 'multimedia', 'approach', 'text', 'message', 'print', 'ad', 'twitter', 'notice']"
61,025a4a4fd516f7ec86eac,"['millennials', 'drive', 'surge', 'demand', 'unified', 'communication', 'accord', 'bureau', 'labor', 'statistic', 'millennials', 'expect', 'make', 'half', 'workforce', 'report', 'project', 'number', 'jump', 'separate', 'report', 'grand', 'view', 'research', 'help', 'establish', 'link', 'millennial', 'eclipse', 'job', 'market', 'growth', 'uc', 'adoption', 'estimate', 'unified', 'communication', 'market', 'exceed', 'billion', 'three', 'time', 'worth', 'billion']"
62,025a4a4fd516f7ec86eac,"['collaboration', 'app', 'usage', 'pattern', 'highlight', 'friction', 'different', 'generational', 'user', 'market', 'workstream', 'collaboration', 'wsc', 'unified', 'communication', 'uc', 'application', 'large', 'grow', 'idc', 'estimate', 'market', 'billion', 'annually', 'consequently', 'market', 'continue', 'grow', 'evolve', 'discord', 'endusers', 'magnify']"
63,025a4a4fd516f7ec86eac,"['effective', 'collaboration', 'workplace', 'reach', 'peak', 'productivity', 'workstream', 'collaboration', 'platform', 'like', 'slack', 'microsoft', 'team', 'cisco', 'webex', 'team', 'workplace', 'facebook', 'take', 'working', 'world', 'storm', 'characterize', 'persistent', 'chat', 'unified', 'workspace', 'platform', 'central', 'tenet', 'digital', 'transformation', 'effort', 'gartner', 'predict', 'workstream', 'collaboration', 'continue', 'proliferate', 'reach', 'company']"
64,025a4a4fd516f7ec86eac,"['unified', 'communication', 'market', 'witness', 'exponential', 'growth', 'demand', 'unified', 'communication', 'increase', 'recent', 'year', 'owe', 'feature', 'seamless', 'operation', 'realtime', 'communication', 'integration', 'content', 'enable', 'informed', 'decision', 'making', 'streamline', 'business', 'process', 'global', 'unified', 'communication', 'market', 'value', 'million', 'project', 'reach', 'million', 'grow', 'cagr']"
65,025a4a4fd516f7ec86eac,"['cpaas', 'market', 'could', 'boost', 'partner', 'right', 'skill', 'build', 'enterprise', 'application', 'become', 'simpler', 'cloud', 'one', 'reason', 'shift', 'ability', 'move', 'away', 'dabble', 'networking', 'infrastructure', 'backdrop', 'communication', 'platformasaservice', 'market', 'rapidly', 'richness', 'new', 'experience', 'one', 'reason', 'idc', 'expect', 'market', 'grow', 'billion', 'billion', 'compound', 'annual', 'growth', 'rate', 'nearly']"
66,025a4a4fd516f7ec86eac,"['cpaas', 'mean', 'enterprise', 'cpaas', 'cloudbased', 'platform', 'allow', 'company', 'embed', 'communication', 'application', 'create', 'customized', 'flow', 'enhance', 'customer', 'employee', 'growth', 'cpaas', 'market', 'align', 'emerge', 'trend', 'customerfacing', 'communication', 'much', 'rise', 'interest', 'cpaas', 'offering', 'come', 'evolution', 'workplace', 'environment', 'additionally', 'employer', 'nationwide', 'report', 'loss', 'trillion', 'annually', 'due', 'lack', 'employee', 'engagement']"
67,025a4a4fd516f7ec86eac,"['youll', 'hear', 'cpaas', 'article', 'discuss', 'communication', 'platform', 'service', 'cpaas', 'market', 'grow', 'opportunity', 'cpaas', 'work', 'business', 'interested', 'adopt', 'cpaas', 'many', 'benefit', 'surprising', 'hear', 'communicationsplatformas', 'aservice', 'cpaas', 'market', 'grow', 'exponential', 'rate', 'last', 'year', 'fact', 'enterprise', 'spend', 'cpaas', 'project', 'increase', 'billion', 'billion', 'accord', 'business', 'new', 'advanced', 'technology', 'best', 'way', 'describe', 'cpaas', 'build', 'strategy', 'cloudbased', 'platform', 'cpaas', 'enable', 'developersor', 'anyoneto', 'embed', 'realtime', 'communication', 'feature', 'like', 'voice', 'video', 'im', 'directly', 'apps', 'use', 'application', 'program', 'interface', 'apis', 'open', 'software', 'development', 'kit', 'sdks']"
68,025a4a4fd516f7ec86eac,"['unified', 'communication', 'create', 'growth', 'opportunity', 'smes', 'smes', 'require', 'robust', 'communication', 'platform', 'enable', 'seamlessly', 'collaborate', 'simplify', 'term', 'uc', 'refers', 'integration', 'internal', 'external', 'workplace', 'communication', 'tool', 'achieve', 'reduce', 'number', 'use', 'communicate', 'business', 'day', 'solution', 'could', 'range', 'simple', 'video', 'conferencing', 'tool', 'complex', 'aibased', 'chatbots', 'message', 'platform', 'many', 'uc', 'system', 'provide', 'single', 'interface', 'use', 'across', 'multiple', 'device', 'send', 'receive', 'information', 'thereby', 'facilitate', 'good', 'communication', 'mitigate', 'operational', 'cost']"
69,025a4a4fd516f7ec86eac,"['machine', 'learning', 'change', 'business', 'communication', 'machine', 'learning', 'also', 'help', 'business', 'cope', 'always', 'expectation', 'customer', 'customer', 'expect', 'immediate', 'answer', 'phone', 'call', 'employee', 'expect', 'laptop', 'conference', 'call', 'wherever', 'work', 'handle', 'email', 'intelligent', 'automate', 'responses', 'employee', 'relieve', 'least', 'part', 'email', 'influx', 'machine', 'learning', 'might', 'also', 'soon', 'able', 'tell', 'u', 'whether', 'customer', 'prefer', 'call', 'meeting', 'speak', 'listen', 'customer', 'call', 'data', 'help', 'customer', 'service', 'team', 'work', 'time', 'day', 'team', 'need', 'call', 'many', 'employee', 'need', 'one', 'time', 'anything', 'require', 'processing', 'volume', 'data', 'identify', 'pattern', 'could', 'theory', 'assist', 'machine', 'learning']"
70,025a4a4fd516f7ec86eac,"['work', 'communication', 'decade', 'disruption', 'new', 'era', 'work', 'communication', 'collaborative', 'anywhere', 'remote', 'intelligent', 'business', 'user', 'team', 'customer', 'expectation', 'change', 'expect', 'ever', 'way', 'connect', 'time', 'brandnew', 'decade', 'people', 'technology', 'need', 'work', 'together', 'seamlessly', 'give', 'business', 'chance', 'offer', 'perfect', 'end', 'experience']"
71,025a4a4fd516f7ec86eac,"['mobile', 'unify', 'communication', 'collaboration', 'market', 'analysis', 'research', 'share', 'growth', 'sale', 'trend', 'supply', 'forecast', 'till', 'global', 'mobile', 'unify', 'communication', 'collaboration', 'market', 'value', 'usd', 'billion', 'project', 'reach', 'usd', 'billion', 'grow', 'cagr']"
72,025a4a4fd516f7ec86eac,"['voip', 'middle', 'east', 'development', 'emerge', 'trend', 'several', 'country', 'across', 'middle', 'east', 'north', 'africa', 'mena', 'region', 'continue', 'unfavourable', 'stance', 'towards', 'service', 'like', 'skype', 'whatsapp', 'voice', 'call', 'apple', 'facetime', 'voice', 'internet', 'protocol', 'voip', 'around', 'since', 'first', 'internet', 'phone', 'software', 'launch', 'industry', 'expert', 'predict', 'market', 'valuation', 'billion', 'enterprise', 'voip', 'adopt', 'across', 'board', 'burger', 'king', 'white', 'house', 'development', 'complementary', 'technology', 'artificial', 'intelligence', 'ai', 'unified', 'communication', 'uc', 'machine', 'learning', 'set', 'trigger', 'new', 'growth', 'voip', 'sector', 'north', 'africa', 'part', 'middle', 'east']"
73,025a4a4fd516f7ec86eac,"['uaes', 'first', 'business', 'unified', 'communication', 'service', 'launch', 'etisalat', 'announce', 'launch', 'cloudbased', 'business', 'unify', 'communication', 'collaboration', 'service', 'cloudtalk', 'small', 'medium', 'business', 'enterprise', 'customer', 'uae', 'cloudtalk', 'service', 'offer', 'user', 'integrated', 'communication', 'solution', 'internal', 'external', 'communication', 'statement', 'uaebased', 'telecommunication', 'service', 'provider', 'say', 'partner', 'ribbon', 'communication', 'provide', 'customer', 'secure', 'scalable', 'cloudnative', 'business', 'communication', 'collaboration', 'solution']"
74,025a4a4fd516f7ec86eac,"['ucaas', 'market', 'growth', 'highlight', 'deficiency', 'inhouse', 'ucc', 'unified', 'communication', 'service', 'ucaas', 'solution', 'explode', 'popularity', 'domestically', 'globally', 'accord', 'cision', 'ucaas', 'market', 'poise', 'reach', 'billion', 'value', 'end', 'represent', 'vigorous', 'compound', 'annual', 'growth', 'rate']"
75,025a4a4fd516f7ec86eac,"['top', 'cpaas', 'market', 'trend', 'track', 'expect', 'see', 'change', 'cpaas', 'market', 'vendor', 'focus', 'lowcod', 'fnocode', 'development', 'omnichannel', 'service', 'machine', 'learning', 'capability']"
76,025a4a4fd516fc37503f5,"['use', 'blockchain', 'marketplace']"
77,025a4a4fd516fc37503f5,"['blockchain', 'smart', 'contract', 'eat', 'online', 'marketplace']"
78,0262d66a6016f7f44b22c,"['relaxing', 'position', 'drive', 'take', 'body', 'tight', 'belt']"
79,0262d66a6016f85392af5,"['relaxing', 'position', 'drive', 'take', 'body', 'tight', 'belt']"
80,0262d66a6016f8577a5fb,"['relaxing', 'position', 'drive', 'take', 'body', 'tight', 'belt']"
81,0262d88f221700ff4e9dc,"['google', 'cloud', 'get', 'new', 'family', 'cheap', 'general', 'purpose', 'compute', 'instance', 'google', 'cloud', 'today', 'announce', 'launch', 'new', 'family', 'compute', 'instance', 'new', 'instance', 'mean', 'generalpurpose', 'workload', 'offer', 'significant', 'cost', 'benefit', 'saving', 'around', 'compare', 'current', 'generalpurpose', 'family', 'run', 'standard', 'intel', 'amd', 'chip', 'google', 'note', 'also', 'use', 'custom', 'cpu', 'scheduler', 'dynamically', 'map', 'virtual', 'cpu', 'memory', 'physical', 'cpu', 'memory', 'maximize', 'utilization', 'addition', 'new', 'system', 'also', 'smarter', 'place', 'vms', 'added', 'flexibility', 'move', 'host', 'necessary', 'achieve', 'google', 'build', 'custom', 'cpu', 'scheduler', 'significantly', 'good', 'latency', 'guarantee', 'coscheduling', 'behavior', 'linuxs', 'default', 'scheduler', 'new', 'scheduler', 'promise', 'submicrosecond', 'wakeup', 'latency', 'fast', 'context', 'switching']"
82,0262d88f221700ff4e9dc,"['sorry', 'microsoft', 'apple', 'windows', 'operating', 'system', 'really', 'want', 'apple', 'reputation', 'produce', 'stylish', 'elegantly', 'design', 'hardware', 'software', 'product', 'microsoft', 'well', 'much']"
83,0262d88f221700ff5abaa,"['australia', 'fire', 'rain', 'brings', 'relief', 'huge', 'blaze', 'expect', 'ahead', 'sooty', 'rain', 'fell', 'east', 'coast', 'sydney', 'melbourne', 'torrential', 'rain', 'report', 'part', 'new', 'south', 'wale', 'sunday', 'night', 'official', 'warn', 'temperature', 'would', 'rise', 'thursday', 'also', 'say', 'huge', 'fire', 'victoria', 'new', 'south', 'wale', 'could', 'meet', 'create', 'large', 'mega', 'blaze']"
84,0262d88f221700ff5abaa,"['beijing', 'izinkan', 'tim', 'ahli', 'dari', 'amerika', 'masuk', 'ke', 'cina', 'cina', 'setuju', 'memberikan', 'izin', 'pada', 'ahli', 'kesehatan', 'asal', 'amerika', 'serikat', 'yang', 'menjadi', 'bagian', 'dari', 'tim', 'organisasi', 'kesehatan', 'dunia', 'atau', 'yang', 'akan', 'masuk', 'ke', 'negeri', 'tirai', 'bambu', 'tim', 'ahli', 'itu', 'akan', 'berusaha', 'membantu', 'memerangi', 'penyebaran', 'virus', 'corona', 'yang', 'menyebar', 'dengan', 'sangat', 'cepat']"
85,0262d88f221700ff5e909,"['color', 'full', 'indonesia']"
86,0262d88f221700ff5e909,"['pesona', 'indonesia', 'tempat', 'wisata', 'terindah', 'di', 'indonesia', 'sudah', 'banyak', 'dikenal', 'oleh', 'dunia', 'internasional', 'bahkan', 'indonesia', 'memang', 'sudah', 'menjadi', 'destinasi', 'favorit', 'untuk', 'berlibur', 'para', 'turis', 'mancanegara', 'beberapa', 'bintang', 'hollywood', 'pernah', 'menikmati', 'keindahan', 'wisata', 'banyak', 'sekali', 'destinasi', 'wisata', 'yang', 'unik', 'dan', 'tidak', 'bisa', 'ditemukan', 'di', 'tempat', 'lainnya', 'sebut', 'saja', 'bali', 'yang', 'telah', 'menjadi', 'destinasi', 'liburan', 'langganan', 'turis', 'dalam', 'negeri', 'maupun', 'mancanegara', 'namun', 'tidak', 'hanya', 'bali', 'saja', 'destinasi', 'wisata', 'yang', 'menakjubkan', 'di', 'indonesia']"
87,0262d88f221700ff5e909,"['sudahkah', 'anda', 'paham', 'makna', 'logo', 'wonderful', 'indonesia', 'dan', 'pesona', 'indonesia', 'insiden', 'salah', 'memasang', 'foto', 'raja', 'ampat', 'dengan', 'menempatkan', 'phi', 'phi', 'island', 'di', 'area', 'bandara', 'soekarno', 'hatta', 'mencuri', 'perhatian', 'bukan', 'hanya', 'salah', 'gambar', 'tetapi', 'pemasangan', 'logo', 'wonderful', 'indonesia', 'membuat', 'kementerian', 'pariwisata', 'jadi', 'sasaran', 'kritikan', 'warga']"
88,0262d88f221700ff5e909,"['bird', 'seasonal', 'migration', 'shift', 'earlier', 'climate', 'change', 'author', 'believe', 'one', 'first', 'study', 'examine', 'climate', 'change', 'impact', 'timing', 'bird', 'migration', 'continental', 'scale', 'researcher', 'report', 'spring', 'migrant', 'likely', 'pass', 'certain', 'stop', 'earlier', 'would', 'year', 'ago', 'also', 'temperature', 'migration', 'timing', 'closely', 'align', 'great', 'change', 'migration', 'time', 'occur', 'region', 'warm', 'rapidly', 'time', 'shift', 'less', 'apparent', 'fall', 'add']"
89,0262d9335516f85815d3d,"['last', 'mile', 'beetle', 'year', 'volkswagen', 'beetle', 'retire', 'say', 'goodbye', 'ren', 'mccormack', 'kevin', 'bacon', 'andy', 'warhol', 'andy', 'cohen', 'little', 'bug', 'drive', 'last', 'mile', 'thelastmile']"
90,0262d9335516f85815d3d,"['oil', 'gold', 'price', 'rise', 'amid', 'uncertainty', 'geopolitical', 'tension', 'mount', 'iran', 'oil', 'price', 'spike', 'monday', 'gold', 'price', 'surge', 'response', 'uncertainty', 'official', 'confirm', 'qassem', 'soleimani', 'leader', 'iran', 'quds', 'force', 'kill', 'late', 'thursday', 'airstrike', 'target', 'convoy', 'near', 'baghdad', 'wake', 'death', 'iranian', 'leader', 'vow', 'revenge', 'president', 'donald', 'trump', 'respond', 'threat', 'vengeance', 'twitter', 'say', 'prepare', 'hit', 'fast', 'hard', 'iran', 'retaliates']"
91,02aaf4415e16fc7f714cf,"['uighur', 'comic', 'japanese', 'manga', 'artist', 'aim', 'highlight', 'everday', 'suffer', 'japanese', 'artist', 'whose', 'manga', 'comic', 'uighur', 'woman', 'go', 'viral', 'want', 'use', 'simple', 'power', 'work', 'raise', 'awareness', 'daily', 'suffering', 'endure', 'chinese', 'mostly', 'muslim', 'minority', 'tell', 'reuters']"
92,02e1d2029216fea8464d8,"['yyyyy', 'test']"
93,02ed0283a516ff6d414b4,['hai']
94,02ed0283a516ff6d414b4,['hai']
95,1577803033750,"['relaxing', 'position', 'drive', 'take', 'body', 'tight', 'belt']"
